{
    "hasselblad l1d-20c 3000 2000 brown 0.7777": {
        "projection_type": "brown",
        "width": 3000,
        "height": 2000,
        "focal_x": 0.7756282092272103,
        "focal_y": 0.7756282092272103,
        "c_x": 0.0009565843884713118,
        "c_y": -0.009258377251056746,
        "k1": 0.0015332046019835002,
        "k2": 0.002966070186665129,
        "p1": -0.002837936431206676,
        "p2": 0.00015849364411226602,
        "k3": -0.0023046063805140303
    }
}